"1";"33153940";"PROD";"INVOICE";"";"";"";"";"";"";""
"PAYMENT";"25201";"0";"978";"";"0";"";"20230106";"";"";"TRUE"
"PAYMENT";"348";"0";"978";"";"0";"";"20230106";"";"";"TRUE"
"PAYMENT";"1643";"0";"978";"";"0";"";"20230106";"";"";"TRUE"
"PAYMENT";"1830334";"0";"978";"";"0";"";"20230106";"";"";"TRUE"
"PAYMENT";"1050";"0";"978";"";"0";"";"20230106";"";"";"TRUE"
"PAYMENT";"1722";"0";"978";"";"0";"";"20230106";"";"";"TRUE"
"PAYMENT";"850004";"0";"978";"";"0";"";"20230106";"";"";"TRUE"
"PAYMENT";"264912";"0";"978";"";"0";"";"20230106";"";"";"TRUE"
"PAYMENT";"177354";"0";"978";"";"0";"";"20230106";"";"";"TRUE"
"PAYMENT";"214348";"0";"978";"";"0";"";"20230106";"";"";"TRUE"
"PAYMENT";"214348";"0";"978";"";"0";"";"20230106";"";"";"TRUE"
"PAYMENT";"648";"0";"978";"";"0";"";"20230106";"";"";"TRUE"
"PAYMENT";"526";"0";"978";"";"0";"";"20230106";"";"";"TRUE"
"PAYMENT";"27054";"0";"978";"";"0";"";"20230106";"";"";"TRUE"
"PAYMENT";"236";"0";"978";"";"0";"";"20230106";"";"";"TRUE"
"PAYMENT";"216";"0";"978";"";"0";"";"20230106";"";"";"TRUE"
"PAYMENT";"41885";"0";"978";"";"0";"";"20230106";"";"";"TRUE"
"PAYMENT";"123312";"0";"978";"";"0";"";"20230106";"";"";"TRUE"
"PAYMENT";"2448";"0";"978";"";"0";"";"20230106";"";"";"TRUE"
"PAYMENT";"600";"0";"978";"";"0";"";"20230106";"";"";"TRUE"
"PAYMENT";"85252";"0";"978";"";"0";"";"20230106";"";"";"TRUE"
"PAYMENT";"195268";"0";"978";"";"0";"";"20230106";"";"";"TRUE"
"PAYMENT";"264912";"0";"978";"";"0";"";"20230106";"";"";"TRUE"
"PAYMENT";"264912";"0";"978";"";"0";"";"20230106";"";"";"TRUE"
"PAYMENT";"264912";"0";"978";"";"0";"";"20230106";"";"";"TRUE"
"PAYMENT";"264912";"0";"978";"";"0";"";"20230106";"";"";"TRUE"
"PAYMENT";"60";"0";"978";"";"0";"";"20230106";"";"";"TRUE"
"PAYMENT";"2448";"0";"978";"";"0";"";"20230106";"";"";"TRUE"
"PAYMENT";"2226";"0";"978";"";"0";"";"20230106";"";"";"TRUE"
"PAYMENT";"181592";"0";"978";"";"0";"";"20230106";"";"";"TRUE"
"PAYMENT";"15626";"0";"978";"";"0";"";"20230106";"";"";"TRUE"
"PAYMENT";"875";"0";"978";"";"0";"";"20230106";"";"";"TRUE"
"PAYMENT";"135892";"0";"978";"";"0";"";"20230106";"";"";"TRUE"
"PAYMENT";"280";"0";"978";"";"0";"";"20230106";"";"";"TRUE"
"PAYMENT";"48392";"0";"978";"";"0";"";"20230106";"";"";"TRUE"
"PAYMENT";"2226";"0";"978";"";"0";"";"20230106";"";"";"TRUE"
"PAYMENT";"242216";"0";"978";"";"0";"";"20230106";"";"";"TRUE"
"PAYMENT";"195268";"0";"978";"";"0";"";"20230106";"";"";"TRUE"
"PAYMENT";"88512";"0";"978";"";"0";"";"20230106";"";"";"TRUE"
"PAYMENT";"2226";"0";"978";"";"0";"";"20230106";"";"";"TRUE"
"PAYMENT";"358012";"0";"978";"";"0";"";"20230106";"";"";"TRUE"
"PAYMENT";"368509";"0";"978";"";"0";"";"20230106";"";"";"TRUE"
"PAYMENT";"2226";"0";"978";"";"0";"";"20230106";"";"";"TRUE"
"PAYMENT";"2226";"0";"978";"";"0";"";"20230106";"";"";"TRUE"
"PAYMENT";"177354";"0";"978";"";"0";"";"20230106";"";"";"TRUE"
"PAYMENT";"236471";"0";"978";"";"0";"";"20230106";"";"";"TRUE"
"PAYMENT";"177354";"0";"978";"";"0";"";"20230106";"";"";"TRUE"
"PAYMENT";"1643";"0";"978";"";"0";"";"20230106";"";"";"TRUE"
"PAYMENT";"1686";"0";"978";"";"0";"";"20230106";"";"";"TRUE"
"PAYMENT";"1884";"0";"978";"";"0";"";"20230106";"";"";"TRUE"
"PAYMENT";"2268";"0";"978";"";"0";"";"20230106";"";"";"TRUE"
"PAYMENT";"81935";"0";"978";"";"0";"";"20230106";"";"";"TRUE"
"PAYMENT";"60";"0";"978";"";"0";"";"20230106";"";"";"TRUE"
"PAYMENT";"20";"0";"978";"";"0";"";"20230106";"";"";"TRUE"
"PAYMENT";"214348";"0";"978";"";"0";"";"20230106";"";"";"TRUE"
"PAYMENT";"980";"0";"978";"";"0";"";"20230106";"";"";"TRUE"
"PAYMENT";"26705";"0";"978";"";"0";"";"20230106";"";"";"TRUE"
"PAYMENT";"264912";"0";"978";"";"0";"";"20230106";"";"";"TRUE"
"PAYMENT";"1643";"0";"978";"";"0";"";"20230106";"";"";"TRUE"
"PAYMENT";"195268";"0";"978";"";"0";"";"20230106";"";"";"TRUE"
"PAYMENT";"27531";"0";"978";"";"0";"";"20230106";"";"";"TRUE"
"PAYMENT";"2226";"0";"978";"";"0";"";"20230106";"";"";"TRUE"
"PAYMENT";"2226";"0";"978";"";"0";"";"20230106";"";"";"TRUE"
"PAYMENT";"2226";"0";"978";"";"0";"";"20230106";"";"";"TRUE"
"PAYMENT";"2226";"0";"978";"";"0";"";"20230106";"";"";"TRUE"
"PAYMENT";"2226";"0";"978";"";"0";"";"20230106";"";"";"TRUE"
"PAYMENT";"2226";"0";"978";"";"0";"";"20230106";"";"";"TRUE"
"PAYMENT";"2226";"0";"978";"";"0";"";"20230106";"";"";"TRUE"
"PAYMENT";"2226";"0";"978";"";"0";"";"20230106";"";"";"TRUE"
"PAYMENT";"1643";"0";"978";"";"0";"";"20230106";"";"";"TRUE"
"PAYMENT";"1643";"0";"978";"";"0";"";"20230106";"";"";"TRUE"
"PAYMENT";"1643";"0";"978";"";"0";"";"20230106";"";"";"TRUE"
"PAYMENT";"1643";"0";"978";"";"0";"";"20230106";"";"";"TRUE"
"PAYMENT";"1643";"0";"978";"";"0";"";"20230106";"";"";"TRUE"
"PAYMENT";"60";"0";"978";"";"0";"";"20230106";"";"";"TRUE"
"PAYMENT";"1643";"0";"978";"";"0";"";"20230106";"";"";"TRUE"
"PAYMENT";"60";"0";"978";"";"0";"";"20230106";"";"";"TRUE"
"PAYMENT";"1260";"0";"978";"";"0";"";"20230106";"";"";"TRUE"
"PAYMENT";"840";"0";"978";"";"0";"";"20230106";"";"";"TRUE"
"PAYMENT";"60";"0";"978";"";"0";"";"20230106";"";"";"TRUE"
"PAYMENT";"875";"0";"978";"";"0";"";"20230106";"";"";"TRUE"
"PAYMENT";"875";"0";"978";"";"0";"";"20230106";"";"";"TRUE"
"PAYMENT";"357268";"0";"978";"";"0";"";"20230106";"";"";"TRUE"
"PAYMENT";"4675";"0";"978";"";"0";"";"20230106";"";"";"TRUE"
"PAYMENT";"574";"0";"978";"";"0";"";"20230106";"";"";"TRUE"
"PAYMENT";"1643";"0";"978";"";"0";"";"20230106";"";"";"TRUE"
"PAYMENT";"1643";"0";"978";"";"0";"";"20230106";"";"";"TRUE"
"PAYMENT";"195268";"0";"978";"";"0";"";"20230106";"";"";"TRUE"
"PAYMENT";"14469";"0";"978";"";"0";"";"20230106";"";"";"TRUE"
"PAYMENT";"12402";"0";"978";"";"0";"";"20230106";"";"";"TRUE"
"PAYMENT";"2479856";"0";"978";"";"0";"";"20230106";"";"";"TRUE"
"PAYMENT";"1549046";"0";"978";"";"0";"";"20230106";"";"";"TRUE"
"PAYMENT";"77842";"0";"978";"";"0";"";"20230106";"";"";"TRUE"
"PAYMENT";"297155";"0";"978";"";"0";"";"20230106";"";"";"TRUE"
"PAYMENT";"195472";"0";"978";"";"0";"";"20230106";"";"";"TRUE"
"PAYMENT";"22493";"0";"978";"";"0";"";"20230106";"";"";"TRUE"
"PAYMENT";"671294";"0";"978";"";"0";"";"20230106";"";"";"TRUE"
"PAYMENT";"46728";"0";"978";"";"0";"";"20230106";"";"";"TRUE"
"PAYMENT";"46728";"0";"978";"";"0";"";"20230106";"";"";"TRUE"
"PAYMENT";"300";"0";"978";"";"0";"";"20230106";"";"";"TRUE"
"PAYMENT";"600";"0";"978";"";"0";"";"20230106";"";"";"TRUE"
"PAYMENT";"300";"0";"978";"";"0";"";"20230106";"";"";"TRUE"
"PAYMENT";"500388";"0";"978";"";"0";"";"20230106";"";"";"TRUE"
"PAYMENT";"1027425";"0";"978";"";"0";"";"20230106";"";"";"TRUE"
"PAYMENT";"89838";"0";"978";"";"0";"";"20230106";"";"";"TRUE"
"PAYMENT";"69552";"0";"978";"";"0";"";"20230106";"";"";"TRUE"
"PAYMENT";"108192";"0";"978";"";"0";"";"20230106";"";"";"TRUE"
"PAYMENT";"61992";"0";"978";"";"0";"";"20230106";"";"";"TRUE"
"PAYMENT";"305256";"0";"978";"";"0";"";"20230106";"";"";"TRUE"
"PAYMENT";"372876";"0";"978";"";"0";"";"20230106";"";"";"TRUE"
"PAYMENT";"2922";"0";"978";"";"0";"";"20230106";"";"";"TRUE"
"PAYMENT";"936";"0";"978";"";"0";"";"20230106";"";"";"TRUE"
"PAYMENT";"1288";"0";"978";"";"0";"";"20230106";"";"";"TRUE"
"PAYMENT";"110";"0";"978";"";"0";"";"20230106";"";"";"TRUE"
"PAYMENT";"1980";"0";"978";"";"0";"";"20230106";"";"";"TRUE"
"PAYMENT";"140";"0";"978";"";"0";"";"20230106";"";"";"TRUE"
"PAYMENT";"700";"0";"978";"";"0";"";"20230106";"";"";"TRUE"
"PAYMENT";"110";"0";"978";"";"0";"";"20230106";"";"";"TRUE"
"PAYMENT";"140";"0";"978";"";"0";"";"20230106";"";"";"TRUE"
"PAYMENT";"128";"0";"978";"";"0";"";"20230106";"";"";"TRUE"
"PAYMENT";"1800";"0";"978";"";"0";"";"20230106";"";"";"TRUE"
"PAYMENT";"1120";"0";"978";"";"0";"";"20230106";"";"";"TRUE"
"PAYMENT";"110";"0";"978";"";"0";"";"20230106";"";"";"TRUE"
"PAYMENT";"1584";"0";"978";"";"0";"";"20230106";"";"";"TRUE"
"PAYMENT";"1738";"0";"978";"";"0";"";"20230106";"";"";"TRUE"
"PAYMENT";"1636";"0";"978";"";"0";"";"20230106";"";"";"TRUE"
"PAYMENT";"3668";"0";"978";"";"0";"";"20230106";"";"";"TRUE"
"PAYMENT";"244";"0";"978";"";"0";"";"20230106";"";"";"TRUE"
"PAYMENT";"110";"0";"978";"";"0";"";"20230106";"";"";"TRUE"
"PAYMENT";"2290";"0";"978";"";"0";"";"20230106";"";"";"TRUE"
"PAYMENT";"648";"0";"978";"";"0";"";"20230106";"";"";"TRUE"
"PAYMENT";"576";"0";"978";"";"0";"";"20230106";"";"";"TRUE"
"PAYMENT";"3236";"0";"978";"";"0";"";"20230106";"";"";"TRUE"
"PAYMENT";"220";"0";"978";"";"0";"";"20230106";"";"";"TRUE"
"PAYMENT";"150";"0";"978";"";"0";"";"20230106";"";"";"TRUE"
"PAYMENT";"236";"0";"978";"";"0";"";"20230106";"";"";"TRUE"
"PAYMENT";"110";"0";"978";"";"0";"";"20230106";"";"";"TRUE"
"PAYMENT";"610";"0";"978";"";"0";"";"20230106";"";"";"TRUE"
"PAYMENT";"63971";"0";"978";"";"0";"";"20230106";"";"";"TRUE"
"PAYMENT";"3339";"0";"978";"";"0";"";"20230106";"";"";"TRUE"
"PAYMENT";"92802";"0";"978";"";"0";"";"20230106";"";"";"TRUE"
"PAYMENT";"60";"0";"978";"";"0";"";"20230106";"";"";"TRUE"
"PAYMENT";"29892";"0";"978";"";"0";"";"20230106";"";"";"TRUE"
"PAYMENT";"129372";"0";"978";"";"0";"";"20230106";"";"";"TRUE"
"PAYMENT";"264912";"0";"978";"";"0";"";"20230106";"";"";"TRUE"
"PAYMENT";"1068";"0";"978";"";"0";"";"20230106";"";"";"TRUE"
"PAYMENT";"2550";"0";"978";"";"0";"";"20230106";"";"";"TRUE"
"PAYMENT";"2226";"0";"978";"";"0";"";"20230106";"";"";"TRUE"
"PAYMENT";"10143";"0";"978";"";"0";"";"20230106";"";"";"TRUE"
"PAYMENT";"60";"0";"978";"";"0";"";"20230106";"";"";"TRUE"
"PAYMENT";"335";"0";"978";"";"0";"";"20230106";"";"";"TRUE"
"PAYMENT";"46728";"0";"978";"";"0";"";"20230106";"";"";"TRUE"
"PAYMENT";"2736";"0";"978";"";"0";"";"20230106";"";"";"TRUE"
"PAYMENT";"1251";"0";"978";"";"0";"";"20230106";"";"";"TRUE"
"PAYMENT";"525";"0";"978";"";"0";"";"20230106";"";"";"TRUE"
"PAYMENT";"356096";"0";"978";"";"0";"";"20230106";"";"";"TRUE"
"PAYMENT";"131566";"0";"978";"";"0";"";"20230106";"";"";"TRUE"
"PAYMENT";"619";"0";"978";"";"0";"";"20230106";"";"";"TRUE"
"PAYMENT";"619";"0";"978";"";"0";"";"20230106";"";"";"TRUE"
"PAYMENT";"90478";"0";"978";"";"0";"";"20230106";"";"";"TRUE"
"PAYMENT";"2226";"0";"978";"";"0";"";"20230106";"";"";"TRUE"
"PAYMENT";"315";"0";"978";"";"0";"";"20230106";"";"";"TRUE"
"PAYMENT";"861";"0";"978";"";"0";"";"20230106";"";"";"TRUE"
"PAYMENT";"4305";"0";"978";"";"0";"";"20230106";"";"";"TRUE"
"PAYMENT";"4107";"0";"978";"";"0";"";"20230106";"";"";"TRUE"
"PAYMENT";"22114";"0";"978";"";"0";"";"20230106";"";"";"TRUE"
"PAYMENT";"875";"0";"978";"";"0";"";"20230106";"";"";"TRUE"
"PAYMENT";"875";"0";"978";"";"0";"";"20230106";"";"";"TRUE"
"PAYMENT";"130";"0";"978";"";"0";"";"20230106";"";"";"TRUE"
"PAYMENT";"2276";"0";"978";"";"0";"";"20230106";"";"";"TRUE"
"PAYMENT";"46728";"0";"978";"";"0";"";"20230106";"";"";"TRUE"
"PAYMENT";"2226";"0";"978";"";"0";"";"20230106";"";"";"TRUE"
"PAYMENT";"1050";"0";"978";"";"0";"";"20230106";"";"";"TRUE"
"PAYMENT";"440325";"0";"978";"";"0";"";"20230106";"";"";"TRUE"
"PAYMENT";"38502";"0";"978";"";"0";"";"20230106";"";"";"TRUE"
"PAYMENT";"29808";"0";"978";"";"0";"";"20230106";"";"";"TRUE"
"PAYMENT";"40986";"0";"978";"";"0";"";"20230106";"";"";"TRUE"
"PAYMENT";"46368";"0";"978";"";"0";"";"20230106";"";"";"TRUE"
"PAYMENT";"26568";"0";"978";"";"0";"";"20230106";"";"";"TRUE"
"PAYMENT";"130824";"0";"978";"";"0";"";"20230106";"";"";"TRUE"
"PAYMENT";"159804";"0";"978";"";"0";"";"20230106";"";"";"TRUE"
"PAYMENT";"2070";"0";"978";"";"0";"";"20230106";"";"";"TRUE"
"PAYMENT";"214452";"0";"978";"";"0";"";"20230106";"";"";"TRUE"
"PAYMENT";"356163";"0";"978";"";"0";"";"20230106";"";"";"TRUE"
"PAYMENT";"875";"0";"978";"";"0";"";"20230106";"";"";"TRUE"
"PAYMENT";"1425";"0";"978";"";"0";"";"20230106";"";"";"TRUE"
"PAYMENT";"125048";"0";"978";"";"0";"";"20230106";"";"";"TRUE"
"PAYMENT";"19740";"0";"978";"";"0";"";"20230106";"";"";"TRUE"
"PAYMENT";"1740";"0";"978";"";"0";"";"20230106";"";"";"TRUE"
"PAYMENT";"87";"0";"978";"";"0";"";"20230106";"";"";"TRUE"
"PAYMENT";"196";"0";"978";"";"0";"";"20230106";"";"";"TRUE"
"PAYMENT";"34320";"0";"978";"";"0";"";"20230106";"";"";"TRUE"
"PAYMENT";"1044";"0";"978";"";"0";"";"20230106";"";"";"TRUE"
"PAYMENT";"861";"0";"978";"";"0";"";"20230106";"";"";"TRUE"
"PAYMENT";"97425";"0";"978";"";"0";"";"20230106";"";"";"TRUE"
"PAYMENT";"227325";"0";"978";"";"0";"";"20230106";"";"";"TRUE"
"PAYMENT";"12195";"0";"978";"";"0";"";"20230106";"";"";"TRUE"
"PAYMENT";"1260";"0";"978";"";"0";"";"20230106";"";"";"TRUE"
"PAYMENT";"990";"0";"978";"";"0";"";"20230106";"";"";"TRUE"
"PAYMENT";"966";"0";"978";"";"0";"";"20230106";"";"";"TRUE"
"PAYMENT";"1092";"0";"978";"";"0";"";"20230106";"";"";"TRUE"
"PAYMENT";"1643";"0";"978";"";"0";"";"20230106";"";"";"TRUE"
"PAYMENT";"2226";"0";"978";"";"0";"";"20230106";"";"";"TRUE"
"PAYMENT";"875";"0";"978";"";"0";"";"20230106";"";"";"TRUE"
"PAYMENT";"875";"0";"978";"";"0";"";"20230106";"";"";"TRUE"
"PAYMENT";"46728";"0";"978";"";"0";"";"20230106";"";"";"TRUE"
"PAYMENT";"2226";"0";"978";"";"0";"";"20230106";"";"";"TRUE"
"PAYMENT";"2226";"0";"978";"";"0";"";"20230106";"";"";"TRUE"
"PAYMENT";"2226";"0";"978";"";"0";"";"20230106";"";"";"TRUE"
"PAYMENT";"194912";"0";"978";"";"0";"";"20230106";"";"";"TRUE"
"PAYMENT";"46728";"0";"978";"";"0";"";"20230106";"";"";"TRUE"
"PAYMENT";"2226";"0";"978";"";"0";"";"20230106";"";"";"TRUE"
"PAYMENT";"60";"0";"978";"";"0";"";"20230106";"";"";"TRUE"
"PAYMENT";"5985";"0";"978";"";"0";"";"20230106";"";"";"TRUE"
"PAYMENT";"90478";"0";"978";"";"0";"";"20230106";"";"";"TRUE"
"PAYMENT";"530442";"0";"978";"";"0";"";"20230106";"";"";"TRUE"
"PAYMENT";"1643";"0";"978";"";"0";"";"20230106";"";"";"TRUE"
"PAYMENT";"141068";"0";"978";"";"0";"";"20230106";"";"";"TRUE"
"PAYMENT";"46967";"0";"978";"";"0";"";"20230106";"";"";"TRUE"
"PAYMENT";"141068";"0";"978";"";"0";"";"20230106";"";"";"TRUE"
"PAYMENT";"139254";"0";"978";"";"0";"";"20230106";"";"";"TRUE"
"PAYMENT";"1890";"0";"978";"";"0";"";"20230106";"";"";"TRUE"
"PAYMENT";"46728";"0";"978";"";"0";"";"20230106";"";"";"TRUE"
"PAYMENT";"1643";"0";"978";"";"0";"";"20230106";"";"";"TRUE"
"PAYMENT";"767171";"0";"978";"";"0";"";"20230106";"";"";"TRUE"
"PAYMENT";"34546";"0";"978";"";"0";"";"20230106";"";"";"TRUE"
"PAYMENT";"284968";"0";"978";"";"0";"";"20230106";"";"";"TRUE"
"PAYMENT";"332462";"0";"978";"";"0";"";"20230106";"";"";"TRUE"
"PAYMENT";"2040";"0";"978";"";"0";"";"20230106";"";"";"TRUE"
"PAYMENT";"1643";"0";"978";"";"0";"";"20230106";"";"";"TRUE"
"PAYMENT";"55796";"0";"978";"";"0";"";"20230106";"";"";"TRUE"
"PAYMENT";"486989";"0";"978";"";"0";"";"20230106";"";"";"TRUE"
"PAYMENT";"233428";"0";"978";"";"0";"";"20230106";"";"";"TRUE"
"PAYMENT";"1017";"0";"978";"";"0";"";"20230106";"";"";"TRUE"
"PAYMENT";"38304";"0";"978";"";"0";"";"20230106";"";"";"TRUE"
"PAYMENT";"1643";"0";"978";"";"0";"";"20230106";"";"";"TRUE"
"PAYMENT";"63";"0";"978";"";"0";"";"20230106";"";"";"TRUE"
"PAYMENT";"824";"0";"978";"";"0";"";"20230106";"";"";"TRUE"
"PAYMENT";"2226";"0";"978";"";"0";"";"20230106";"";"";"TRUE"
"PAYMENT";"154903";"0";"978";"";"0";"";"20230106";"";"";"TRUE"
"PAYMENT";"4896";"0";"978";"";"0";"";"20230106";"";"";"TRUE"
"PAYMENT";"1643";"0";"978";"";"0";"";"20230106";"";"";"TRUE"
"PAYMENT";"2226";"0";"978";"";"0";"";"20230106";"";"";"TRUE"
"PAYMENT";"875";"0";"978";"";"0";"";"20230106";"";"";"TRUE"
"PAYMENT";"1643";"0";"978";"";"0";"";"20230106";"";"";"TRUE"
"PAYMENT";"4620";"0";"978";"";"0";"";"20230106";"";"";"TRUE"
"PAYMENT";"343468";"0";"978";"";"0";"";"20230106";"";"";"TRUE"
"PAYMENT";"87";"0";"978";"";"0";"";"20230106";"";"";"TRUE"
"PAYMENT";"2136";"0";"978";"";"0";"";"20230106";"";"";"TRUE"
"PAYMENT";"264912";"0";"978";"";"0";"";"20230106";"";"";"TRUE"
"PAYMENT";"2448";"0";"978";"";"0";"";"20230106";"";"";"TRUE"
"PAYMENT";"73607";"0";"978";"";"0";"";"20230106";"";"";"TRUE"
"PAYMENT";"840";"0";"978";"";"0";"";"20230106";"";"";"TRUE"
"PAYMENT";"335";"0";"978";"";"0";"";"20230106";"";"";"TRUE"
"PAYMENT";"350";"0";"978";"";"0";"";"20230106";"";"";"TRUE"
"PAYMENT";"2226";"0";"978";"";"0";"";"20230106";"";"";"TRUE"
"PAYMENT";"336";"0";"978";"";"0";"";"20230106";"";"";"TRUE"
"PAYMENT";"48817";"0";"978";"";"0";"";"20230106";"";"";"TRUE"
"PAYMENT";"48817";"0";"978";"";"0";"";"20230106";"";"";"TRUE"
"PAYMENT";"840";"0";"978";"";"0";"";"20230106";"";"";"TRUE"
"PAYMENT";"1050";"0";"978";"";"0";"";"20230106";"";"";"TRUE"
"PAYMENT";"3948";"0";"978";"";"0";"";"20230106";"";"";"TRUE"
"PAYMENT";"214348";"0";"978";"";"0";"";"20230106";"";"";"TRUE"
"PAYMENT";"250072";"0";"978";"";"0";"";"20230106";"";"";"TRUE"
"PAYMENT";"18012";"0";"978";"";"0";"";"20230106";"";"";"TRUE"
"PAYMENT";"2825";"0";"978";"";"0";"";"20230106";"";"";"TRUE"
"PAYMENT";"60";"0";"978";"";"0";"";"20230106";"";"";"TRUE"
"PAYMENT";"60";"0";"978";"";"0";"";"20230106";"";"";"TRUE"
"PAYMENT";"264912";"0";"978";"";"0";"";"20230106";"";"";"TRUE"
"PAYMENT";"2448";"0";"978";"";"0";"";"20230106";"";"";"TRUE"
"PAYMENT";"1068";"0";"978";"";"0";"";"20230106";"";"";"TRUE"
"PAYMENT";"88512";"0";"978";"";"0";"";"20230106";"";"";"TRUE"
"PAYMENT";"1620";"0";"978";"";"0";"";"20230106";"";"";"TRUE"
"PAYMENT";"1643";"0";"978";"";"0";"";"20230106";"";"";"TRUE"
"PAYMENT";"1643";"0";"978";"";"0";"";"20230106";"";"";"TRUE"
"PAYMENT";"500";"0";"978";"";"0";"";"20230106";"";"";"TRUE"
"PAYMENT";"1643";"0";"978";"";"0";"";"20230106";"";"";"TRUE"
"PAYMENT";"51491";"0";"978";"";"0";"";"20230106";"";"";"TRUE"
"PAYMENT";"90478";"0";"978";"";"0";"";"20230106";"";"";"TRUE"
"PAYMENT";"424";"0";"978";"";"0";"";"20230106";"";"";"TRUE"
"PAYMENT";"4985";"0";"978";"";"0";"";"20230106";"";"";"TRUE"
"PAYMENT";"242216";"0";"978";"";"0";"";"20230106";"";"";"TRUE"
"PAYMENT";"394618";"0";"978";"";"0";"";"20230106";"";"";"TRUE"
"PAYMENT";"14";"0";"978";"";"0";"";"20230106";"";"";"TRUE"
"PAYMENT";"16416";"0";"978";"";"0";"";"20230106";"";"";"TRUE"
"PAYMENT";"642";"0";"978";"";"0";"";"20230106";"";"";"TRUE"
"PAYMENT";"1500";"0";"978";"";"0";"";"20230106";"";"";"TRUE"
"PAYMENT";"60";"0";"978";"";"0";"";"20230106";"";"";"TRUE"
"PAYMENT";"38";"0";"978";"";"0";"";"20230106";"";"";"TRUE"
"PAYMENT";"9044";"0";"978";"";"0";"";"20230106";"";"";"TRUE"
"PAYMENT";"60";"0";"978";"";"0";"";"20230106";"";"";"TRUE"
"PAYMENT";"8533";"0";"978";"";"0";"";"20230106";"";"";"TRUE"
"PAYMENT";"1050";"0";"978";"";"0";"";"20230106";"";"";"TRUE"
"PAYMENT";"1643";"0";"978";"";"0";"";"20230106";"";"";"TRUE"
"PAYMENT";"2226";"0";"978";"";"0";"";"20230106";"";"";"TRUE"
"PAYMENT";"126192";"0";"978";"";"0";"";"20230106";"";"";"TRUE"
"PAYMENT";"1979051";"0";"978";"";"0";"";"20230106";"";"";"TRUE"
"PAYMENT";"1178959";"0";"978";"";"0";"";"20230106";"";"";"TRUE"
"PAYMENT";"67392";"0";"978";"";"0";"";"20230106";"";"";"TRUE"
"PAYMENT";"4375";"0";"978";"";"0";"";"20230106";"";"";"TRUE"
"PAYMENT";"60";"0";"978";"";"0";"";"20230106";"";"";"TRUE"
"PAYMENT";"60";"0";"978";"";"0";"";"20230106";"";"";"TRUE"
"PAYMENT";"1643";"0";"978";"";"0";"";"20230106";"";"";"TRUE"
"PAYMENT";"1778";"0";"978";"";"0";"";"20230106";"";"";"TRUE"
"PAYMENT";"847059";"0";"978";"";"0";"";"20230106";"";"";"TRUE"
"PAYMENT";"446419";"0";"978";"";"0";"";"20230106";"";"";"TRUE"
"PAYMENT";"4012855";"0";"978";"";"0";"";"20230106";"";"";"TRUE"
"PAYMENT";"2305061";"0";"978";"";"0";"";"20230106";"";"";"TRUE"
"PAYMENT";"229295";"0";"978";"";"0";"";"20230106";"";"";"TRUE"
"PAYMENT";"1160893";"0";"978";"";"0";"";"20230106";"";"";"TRUE"
"PAYMENT";"1150495";"0";"978";"";"0";"";"20230106";"";"";"TRUE"
"PAYMENT";"369008";"0";"978";"";"0";"";"20230106";"";"";"TRUE"
"PAYMENT";"33477";"0";"978";"";"0";"";"20230106";"";"";"TRUE"
"PAYMENT";"25639";"0";"978";"";"0";"";"20230106";"";"";"TRUE"
"PAYMENT";"1000";"0";"978";"";"0";"";"20230106";"";"";"TRUE"
"PAYMENT";"60";"0";"978";"";"0";"";"20230106";"";"";"TRUE"
"PAYMENT";"414";"0";"978";"";"0";"";"20230106";"";"";"TRUE"
"PAYMENT";"360";"0";"978";"";"0";"";"20230106";"";"";"TRUE"
"PAYMENT";"214348";"0";"978";"";"0";"";"20230106";"";"";"TRUE"
"PAYMENT";"2226";"0";"978";"";"0";"";"20230106";"";"";"TRUE"
"PAYMENT";"1785";"0";"978";"";"0";"";"20230106";"";"";"TRUE"
"PAYMENT";"1470";"0";"978";"";"0";"";"20230106";"";"";"TRUE"
"PAYMENT";"510";"0";"978";"";"0";"";"20230106";"";"";"TRUE"
"PAYMENT";"500";"0";"978";"";"0";"";"20230106";"";"";"TRUE"
"PAYMENT";"560";"0";"978";"";"0";"";"20230106";"";"";"TRUE"
"PAYMENT";"1830334";"0";"978";"";"0";"";"20230106";"";"";"TRUE"
"PAYMENT";"1819977";"0";"978";"";"0";"";"20230106";"";"";"TRUE"
"PAYMENT";"1067381";"0";"978";"";"0";"";"20230106";"";"";"TRUE"
"PAYMENT";"155814";"0";"978";"";"0";"";"20230106";"";"";"TRUE"
"PAYMENT";"110898";"0";"978";"";"0";"";"20230106";"";"";"TRUE"
"PAYMENT";"4214692";"0";"978";"";"0";"";"20230106";"";"";"TRUE"
"PAYMENT";"960";"0";"978";"";"0";"";"20230106";"";"";"TRUE"
"PAYMENT";"3362441";"0";"978";"";"0";"";"20230106";"";"";"TRUE"
"PAYMENT";"540";"0";"978";"";"0";"";"20230106";"";"";"TRUE"
"PAYMENT";"142581";"0";"978";"";"0";"";"20230106";"";"";"TRUE"
"PAYMENT";"940052";"0";"978";"";"0";"";"20230106";"";"";"TRUE"
"PAYMENT";"121023";"0";"978";"";"0";"";"20230106";"";"";"TRUE"
"PAYMENT";"749177";"0";"978";"";"0";"";"20230106";"";"";"TRUE"
"PAYMENT";"465291";"0";"978";"";"0";"";"20230106";"";"";"TRUE"
"PAYMENT";"34028";"0";"978";"";"0";"";"20230106";"";"";"TRUE"
"PAYMENT";"230";"0";"978";"";"0";"";"20230106";"";"";"TRUE"
"PAYMENT";"800358";"0";"978";"";"0";"";"20230106";"";"";"TRUE"
"PAYMENT";"50744";"0";"978";"";"0";"";"20230106";"";"";"TRUE"
"PAYMENT";"3825298";"0";"978";"";"0";"";"20230106";"";"";"TRUE"
"PAYMENT";"261766";"0";"978";"";"0";"";"20230106";"";"";"TRUE"
"PAYMENT";"869949";"0";"978";"";"0";"";"20230106";"";"";"TRUE"
"PAYMENT";"535018";"0";"978";"";"0";"";"20230106";"";"";"TRUE"
"PAYMENT";"200";"0";"978";"";"0";"";"20230106";"";"";"TRUE"
"PAYMENT";"200";"0";"978";"";"0";"";"20230106";"";"";"TRUE"
"PAYMENT";"4945041";"0";"978";"";"0";"";"20230106";"";"";"TRUE"
"PAYMENT";"3560635";"0";"978";"";"0";"";"20230106";"";"";"TRUE"
"PAYMENT";"60";"0";"978";"";"0";"";"20230106";"";"";"TRUE"
"PAYMENT";"27644";"0";"978";"";"0";"";"20230106";"";"";"TRUE"
"PAYMENT";"1500";"0";"978";"";"0";"";"20230106";"";"";"TRUE"
"PAYMENT";"90478";"0";"978";"";"0";"";"20230106";"";"";"TRUE"
"PAYMENT";"102392";"0";"978";"";"0";"";"20230106";"";"";"TRUE"
"PAYMENT";"90478";"0";"978";"";"0";"";"20230106";"";"";"TRUE"
"PAYMENT";"46728";"0";"978";"";"0";"";"20230106";"";"";"TRUE"
"PAYMENT";"264912";"0";"978";"";"0";"";"20230106";"";"";"TRUE"
"PAYMENT";"17692";"0";"978";"";"0";"";"20230106";"";"";"TRUE"
"PAYMENT";"1068";"0";"978";"";"0";"";"20230106";"";"";"TRUE"
"PAYMENT";"2550";"0";"978";"";"0";"";"20230106";"";"";"TRUE"
"PAYMENT";"600";"0";"978";"";"0";"";"20230106";"";"";"TRUE"
"PAYMENT";"600";"0";"978";"";"0";"";"20230106";"";"";"TRUE"
"PAYMENT";"4481525";"0";"978";"";"0";"";"20230106";"";"";"TRUE"
"PAYMENT";"258193";"0";"978";"";"0";"";"20230106";"";"";"TRUE"
"PAYMENT";"875";"0";"978";"";"0";"";"20230106";"";"";"TRUE"
"PAYMENT";"875";"0";"978";"";"0";"";"20230106";"";"";"TRUE"
"PAYMENT";"39";"0";"978";"";"0";"";"20230106";"";"";"TRUE"
"PAYMENT";"60";"0";"978";"";"0";"";"20230106";"";"";"TRUE"
"PAYMENT";"60";"0";"978";"";"0";"";"20230106";"";"";"TRUE"
"PAYMENT";"60";"0";"978";"";"0";"";"20230106";"";"";"TRUE"
"PAYMENT";"60";"0";"978";"";"0";"";"20230106";"";"";"TRUE"
"PAYMENT";"60";"0";"978";"";"0";"";"20230106";"";"";"TRUE"
"PAYMENT";"60";"0";"978";"";"0";"";"20230106";"";"";"TRUE"
"PAYMENT";"1643";"0";"978";"";"0";"";"20230106";"";"";"TRUE"
"PAYMENT";"63";"0";"978";"";"0";"";"20230106";"";"";"TRUE"
"PAYMENT";"500";"0";"978";"";"0";"";"20230106";"";"";"TRUE"
"PAYMENT";"27406";"0";"978";"";"0";"";"20230106";"";"";"TRUE"
"PAYMENT";"63";"0";"978";"";"0";"";"20230106";"";"";"TRUE"
"PAYMENT";"2790";"0";"978";"";"0";"";"20230106";"";"";"TRUE"
"PAYMENT";"1108";"0";"978";"";"0";"";"20230106";"";"";"TRUE"
"PAYMENT";"888962";"0";"978";"";"0";"";"20230106";"";"";"TRUE"
"PAYMENT";"18905";"0";"978";"";"0";"";"20230106";"";"";"TRUE"
"PAYMENT";"133198";"0";"978";"";"0";"";"20230106";"";"";"TRUE"
"PAYMENT";"46728";"0";"978";"";"0";"";"20230106";"";"";"TRUE"
"PAYMENT";"90475";"0";"978";"";"0";"";"20230106";"";"";"TRUE"
"PAYMENT";"2226";"0";"978";"";"0";"";"20230106";"";"";"TRUE"
"PAYMENT";"24";"0";"978";"";"0";"";"20230106";"";"";"TRUE"
"PAYMENT";"12";"0";"978";"";"0";"";"20230106";"";"";"TRUE"
"PAYMENT";"24";"0";"978";"";"0";"";"20230106";"";"";"TRUE"
"PAYMENT";"24";"0";"978";"";"0";"";"20230106";"";"";"TRUE"
"PAYMENT";"24";"0";"978";"";"0";"";"20230106";"";"";"TRUE"
"PAYMENT";"24";"0";"978";"";"0";"";"20230106";"";"";"TRUE"
"PAYMENT";"12";"0";"978";"";"0";"";"20230106";"";"";"TRUE"
"PAYMENT";"24";"0";"978";"";"0";"";"20230106";"";"";"TRUE"
"PAYMENT";"12";"0";"978";"";"0";"";"20230106";"";"";"TRUE"
"PAYMENT";"24";"0";"978";"";"0";"";"20230106";"";"";"TRUE"
"PAYMENT";"12";"0";"978";"";"0";"";"20230106";"";"";"TRUE"
"PAYMENT";"12";"0";"978";"";"0";"";"20230106";"";"";"TRUE"
"PAYMENT";"12";"0";"978";"";"0";"";"20230106";"";"";"TRUE"
"PAYMENT";"12";"0";"978";"";"0";"";"20230106";"";"";"TRUE"
"PAYMENT";"24";"0";"978";"";"0";"";"20230106";"";"";"TRUE"
"PAYMENT";"24";"0";"978";"";"0";"";"20230106";"";"";"TRUE"
"PAYMENT";"24";"0";"978";"";"0";"";"20230106";"";"";"TRUE"
"PAYMENT";"24";"0";"978";"";"0";"";"20230106";"";"";"TRUE"
"PAYMENT";"12";"0";"978";"";"0";"";"20230106";"";"";"TRUE"
"PAYMENT";"24";"0";"978";"";"0";"";"20230106";"";"";"TRUE"
"PAYMENT";"24";"0";"978";"";"0";"";"20230106";"";"";"TRUE"
"PAYMENT";"12";"0";"978";"";"0";"";"20230106";"";"";"TRUE"
"PAYMENT";"24";"0";"978";"";"0";"";"20230106";"";"";"TRUE"
"PAYMENT";"24";"0";"978";"";"0";"";"20230106";"";"";"TRUE"
"PAYMENT";"12";"0";"978";"";"0";"";"20230106";"";"";"TRUE"
"PAYMENT";"12";"0";"978";"";"0";"";"20230106";"";"";"TRUE"
"PAYMENT";"24";"0";"978";"";"0";"";"20230106";"";"";"TRUE"
"PAYMENT";"24";"0";"978";"";"0";"";"20230106";"";"";"TRUE"
"PAYMENT";"12";"0";"978";"";"0";"";"20230106";"";"";"TRUE"
"PAYMENT";"24";"0";"978";"";"0";"";"20230106";"";"";"TRUE"
"PAYMENT";"24";"0";"978";"";"0";"";"20230106";"";"";"TRUE"
"PAYMENT";"24";"0";"978";"";"0";"";"20230106";"";"";"TRUE"
"PAYMENT";"24";"0";"978";"";"0";"";"20230106";"";"";"TRUE"
"PAYMENT";"12";"0";"978";"";"0";"";"20230106";"";"";"TRUE"
"PAYMENT";"24";"0";"978";"";"0";"";"20230106";"";"";"TRUE"
"PAYMENT";"24";"0";"978";"";"0";"";"20230106";"";"";"TRUE"
"PAYMENT";"12";"0";"978";"";"0";"";"20230106";"";"";"TRUE"
"PAYMENT";"24";"0";"978";"";"0";"";"20230106";"";"";"TRUE"
"PAYMENT";"24";"0";"978";"";"0";"";"20230106";"";"";"TRUE"
"PAYMENT";"24";"0";"978";"";"0";"";"20230106";"";"";"TRUE"
"PAYMENT";"24";"0";"978";"";"0";"";"20230106";"";"";"TRUE"
"PAYMENT";"24";"0";"978";"";"0";"";"20230106";"";"";"TRUE"
"PAYMENT";"24";"0";"978";"";"0";"";"20230106";"";"";"TRUE"
"PAYMENT";"12";"0";"978";"";"0";"";"20230106";"";"";"TRUE"
"PAYMENT";"24";"0";"978";"";"0";"";"20230106";"";"";"TRUE"
"PAYMENT";"24";"0";"978";"";"0";"";"20230106";"";"";"TRUE"
"PAYMENT";"24";"0";"978";"";"0";"";"20230106";"";"";"TRUE"
"PAYMENT";"24";"0";"978";"";"0";"";"20230106";"";"";"TRUE"
"PAYMENT";"24";"0";"978";"";"0";"";"20230106";"";"";"TRUE"
"PAYMENT";"12";"0";"978";"";"0";"";"20230106";"";"";"TRUE"
"PAYMENT";"24";"0";"978";"";"0";"";"20230106";"";"";"TRUE"
"PAYMENT";"12";"0";"978";"";"0";"";"20230106";"";"";"TRUE"
"PAYMENT";"24";"0";"978";"";"0";"";"20230106";"";"";"TRUE"
"PAYMENT";"24";"0";"978";"";"0";"";"20230106";"";"";"TRUE"
"PAYMENT";"24";"0";"978";"";"0";"";"20230106";"";"";"TRUE"
"PAYMENT";"12";"0";"978";"";"0";"";"20230106";"";"";"TRUE"
"PAYMENT";"12";"0";"978";"";"0";"";"20230106";"";"";"TRUE"
"PAYMENT";"24";"0";"978";"";"0";"";"20230106";"";"";"TRUE"
"PAYMENT";"24";"0";"978";"";"0";"";"20230106";"";"";"TRUE"
"PAYMENT";"12";"0";"978";"";"0";"";"20230106";"";"";"TRUE"
"PAYMENT";"12";"0";"978";"";"0";"";"20230106";"";"";"TRUE"
"PAYMENT";"24";"0";"978";"";"0";"";"20230106";"";"";"TRUE"
"PAYMENT";"24";"0";"978";"";"0";"";"20230106";"";"";"TRUE"
"PAYMENT";"24";"0";"978";"";"0";"";"20230106";"";"";"TRUE"
"PAYMENT";"24";"0";"978";"";"0";"";"20230106";"";"";"TRUE"
"PAYMENT";"12";"0";"978";"";"0";"";"20230106";"";"";"TRUE"
"PAYMENT";"24";"0";"978";"";"0";"";"20230106";"";"";"TRUE"
"PAYMENT";"24";"0";"978";"";"0";"";"20230106";"";"";"TRUE"
"PAYMENT";"24";"0";"978";"";"0";"";"20230106";"";"";"TRUE"
"PAYMENT";"24";"0";"978";"";"0";"";"20230106";"";"";"TRUE"
"PAYMENT";"24";"0";"978";"";"0";"";"20230106";"";"";"TRUE"
"PAYMENT";"12";"0";"978";"";"0";"";"20230106";"";"";"TRUE"
"PAYMENT";"24";"0";"978";"";"0";"";"20230106";"";"";"TRUE"
"PAYMENT";"24";"0";"978";"";"0";"";"20230106";"";"";"TRUE"
"PAYMENT";"24";"0";"978";"";"0";"";"20230106";"";"";"TRUE"
"PAYMENT";"24";"0";"978";"";"0";"";"20230106";"";"";"TRUE"
"PAYMENT";"24";"0";"978";"";"0";"";"20230106";"";"";"TRUE"
"PAYMENT";"24";"0";"978";"";"0";"";"20230106";"";"";"TRUE"
"PAYMENT";"24";"0";"978";"";"0";"";"20230106";"";"";"TRUE"
"PAYMENT";"24";"0";"978";"";"0";"";"20230106";"";"";"TRUE"
"PAYMENT";"12";"0";"978";"";"0";"";"20230106";"";"";"TRUE"
"PAYMENT";"24";"0";"978";"";"0";"";"20230106";"";"";"TRUE"
"PAYMENT";"24";"0";"978";"";"0";"";"20230106";"";"";"TRUE"
"PAYMENT";"24";"0";"978";"";"0";"";"20230106";"";"";"TRUE"
"PAYMENT";"24";"0";"978";"";"0";"";"20230106";"";"";"TRUE"
"PAYMENT";"24";"0";"978";"";"0";"";"20230106";"";"";"TRUE"
"PAYMENT";"12";"0";"978";"";"0";"";"20230106";"";"";"TRUE"
"PAYMENT";"24";"0";"978";"";"0";"";"20230106";"";"";"TRUE"
"PAYMENT";"12";"0";"978";"";"0";"";"20230106";"";"";"TRUE"
"PAYMENT";"12";"0";"978";"";"0";"";"20230106";"";"";"TRUE"
"PAYMENT";"24";"0";"978";"";"0";"";"20230106";"";"";"TRUE"
"PAYMENT";"24";"0";"978";"";"0";"";"20230106";"";"";"TRUE"
"PAYMENT";"169852";"0";"978";"";"0";"";"20230106";"";"";"TRUE"
"PAYMENT";"215739";"0";"978";"";"0";"";"20230106";"";"";"TRUE"
"PAYMENT";"7245";"0";"978";"";"0";"";"20230106";"";"";"TRUE"
"PAYMENT";"60";"0";"978";"";"0";"";"20230106";"";"";"TRUE"
"PAYMENT";"1643";"0";"978";"";"0";"";"20230106";"";"";"TRUE"
"PAYMENT";"203641";"0";"978";"";"0";"";"20230106";"";"";"TRUE"
"PAYMENT";"60";"0";"978";"";"0";"";"20230106";"";"";"TRUE"
"PAYMENT";"3108";"0";"978";"";"0";"";"20230106";"";"";"TRUE"
"PAYMENT";"2940";"0";"978";"";"0";"";"20230106";"";"";"TRUE"
"PAYMENT";"3108";"0";"978";"";"0";"";"20230106";"";"";"TRUE"
"PAYMENT";"90478";"0";"978";"";"0";"";"20230106";"";"";"TRUE"
"PAYMENT";"90478";"0";"978";"";"0";"";"20230106";"";"";"TRUE"
"PAYMENT";"1260";"0";"978";"";"0";"";"20230106";"";"";"TRUE"
"PAYMENT";"495";"0";"978";"";"0";"";"20230106";"";"";"TRUE"
"PAYMENT";"80";"0";"978";"";"0";"";"20230106";"";"";"TRUE"
"PAYMENT";"48707";"0";"978";"";"0";"";"20230106";"";"";"TRUE"
"PAYMENT";"46728";"0";"978";"";"0";"";"20230106";"";"";"TRUE"
"PAYMENT";"264912";"0";"978";"";"0";"";"20230106";"";"";"TRUE"
"PAYMENT";"107794";"0";"978";"";"0";"";"20230106";"";"";"TRUE"
"PAYMENT";"2994";"0";"978";"";"0";"";"20230106";"";"";"TRUE"
"PAYMENT";"80";"0";"978";"";"0";"";"20230106";"";"";"TRUE"
"PAYMENT";"110";"0";"978";"";"0";"";"20230106";"";"";"TRUE"
"PAYMENT";"140";"0";"978";"";"0";"";"20230106";"";"";"TRUE"
"PAYMENT";"302";"0";"978";"";"0";"";"20230106";"";"";"TRUE"
"PAYMENT";"280";"0";"978";"";"0";"";"20230106";"";"";"TRUE"
"PAYMENT";"140";"0";"978";"";"0";"";"20230106";"";"";"TRUE"
"PAYMENT";"160";"0";"978";"";"0";"";"20230106";"";"";"TRUE"
"PAYMENT";"80";"0";"978";"";"0";"";"20230106";"";"";"TRUE"
"PAYMENT";"80";"0";"978";"";"0";"";"20230106";"";"";"TRUE"
"PAYMENT";"200";"0";"978";"";"0";"";"20230106";"";"";"TRUE"
"PAYMENT";"1449";"0";"978";"";"0";"";"20230106";"";"";"TRUE"
"PAYMENT";"242216";"0";"978";"";"0";"";"20230106";"";"";"TRUE"
"PAYMENT";"2790";"0";"978";"";"0";"";"20230106";"";"";"TRUE"
"PAYMENT";"29449";"0";"978";"";"0";"";"20230106";"";"";"TRUE"
"PAYMENT";"85252";"0";"978";"";"0";"";"20230106";"";"";"TRUE"
"PAYMENT";"6754";"0";"978";"";"0";"";"20230106";"";"";"TRUE"
"PAYMENT";"6754";"0";"978";"";"0";"";"20230106";"";"";"TRUE"
"PAYMENT";"2415";"0";"978";"";"0";"";"20230106";"";"";"TRUE"
"PAYMENT";"8256";"0";"978";"";"0";"";"20230106";"";"";"TRUE"
"PAYMENT";"14877";"0";"978";"";"0";"";"20230106";"";"";"TRUE"
"PAYMENT";"1131";"0";"978";"";"0";"";"20230106";"";"";"TRUE"
"PAYMENT";"2575";"0";"978";"";"0";"";"20230106";"";"";"TRUE"
"PAYMENT";"69";"0";"978";"";"0";"";"20230106";"";"";"TRUE"
"PAYMENT";"69";"0";"978";"";"0";"";"20230106";"";"";"TRUE"
"PAYMENT";"150";"0";"978";"";"0";"";"20230106";"";"";"TRUE"
"PAYMENT";"72675";"0";"978";"";"0";"";"20230106";"";"";"TRUE"
"PAYMENT";"814944";"0";"978";"";"0";"";"20230106";"";"";"TRUE"
"PAYMENT";"49504";"0";"978";"";"0";"";"20230106";"";"";"TRUE"
"PAYMENT";"19776";"0";"978";"";"0";"";"20230106";"";"";"TRUE"
"PAYMENT";"2493";"0";"978";"";"0";"";"20230106";"";"";"TRUE"
"PAYMENT";"526";"0";"978";"";"0";"";"20230106";"";"";"TRUE"
"PAYMENT";"190";"0";"978";"";"0";"";"20230106";"";"";"TRUE"
"PAYMENT";"50648";"0";"978";"";"0";"";"20230106";"";"";"TRUE"
"PAYMENT";"66696";"0";"978";"";"0";"";"20230106";"";"";"TRUE"
"PAYMENT";"66696";"0";"978";"";"0";"";"20230106";"";"";"TRUE"
"PAYMENT";"5706";"0";"978";"";"0";"";"20230106";"";"";"TRUE"
"PAYMENT";"634";"0";"978";"";"0";"";"20230106";"";"";"TRUE"
"PAYMENT";"2415";"0";"978";"";"0";"";"20230106";"";"";"TRUE"
"PAYMENT";"95";"0";"978";"";"0";"";"20230106";"";"";"TRUE"
"PAYMENT";"9088";"0";"978";"";"0";"";"20230106";"";"";"TRUE"
"PAYMENT";"191072";"0";"978";"";"0";"";"20230106";"";"";"TRUE"
"PAYMENT";"345";"0";"978";"";"0";"";"20230106";"";"";"TRUE"
"PAYMENT";"1955";"0";"978";"";"0";"";"20230106";"";"";"TRUE"
"PAYMENT";"51";"0";"978";"";"0";"";"20230106";"";"";"TRUE"
"PAYMENT";"425";"0";"978";"";"0";"";"20230106";"";"";"TRUE"
"PAYMENT";"1445";"0";"978";"";"0";"";"20230106";"";"";"TRUE"
"PAYMENT";"51";"0";"978";"";"0";"";"20230106";"";"";"TRUE"
"PAYMENT";"255";"0";"978";"";"0";"";"20230106";"";"";"TRUE"
"PAYMENT";"2600";"0";"978";"";"0";"";"20230106";"";"";"TRUE"
"PAYMENT";"3550";"0";"978";"";"0";"";"20230106";"";"";"TRUE"
"PAYMENT";"1134";"0";"978";"";"0";"";"20230106";"";"";"TRUE"
"PAYMENT";"35099";"0";"978";"";"0";"";"20230106";"";"";"TRUE"
"PAYMENT";"41885";"0";"978";"";"0";"";"20230106";"";"";"TRUE"
"PAYMENT";"3272";"0";"978";"";"0";"";"20230106";"";"";"TRUE"
"PAYMENT";"3512";"0";"978";"";"0";"";"20230106";"";"";"TRUE"
"PAYMENT";"3272";"0";"978";"";"0";"";"20230106";"";"";"TRUE"
"PAYMENT";"6968";"0";"978";"";"0";"";"20230106";"";"";"TRUE"
"PAYMENT";"5506";"0";"978";"";"0";"";"20230106";"";"";"TRUE"
"PAYMENT";"3684";"0";"978";"";"0";"";"20230106";"";"";"TRUE"
"PAYMENT";"6968";"0";"978";"";"0";"";"20230106";"";"";"TRUE"
"PAYMENT";"334";"0";"978";"";"0";"";"20230106";"";"";"TRUE"
"PAYMENT";"290";"0";"978";"";"0";"";"20230106";"";"";"TRUE"
"PAYMENT";"290";"0";"978";"";"0";"";"20230106";"";"";"TRUE"
"PAYMENT";"1033";"0";"978";"";"0";"";"20230106";"";"";"TRUE"
"PAYMENT";"792";"0";"978";"";"0";"";"20230106";"";"";"TRUE"
"PAYMENT";"7948";"0";"978";"";"0";"";"20230106";"";"";"TRUE"
"PAYMENT";"5768";"0";"978";"";"0";"";"20230106";"";"";"TRUE"
"PAYMENT";"4632";"0";"978";"";"0";"";"20230106";"";"";"TRUE"
"PAYMENT";"90672";"0";"978";"";"0";"";"20230106";"";"";"TRUE"
"PAYMENT";"8164";"0";"978";"";"0";"";"20230106";"";"";"TRUE"
"PAYMENT";"786";"0";"978";"";"0";"";"20230106";"";"";"TRUE"
"PAYMENT";"2372";"0";"978";"";"0";"";"20230106";"";"";"TRUE"
"PAYMENT";"3572";"0";"978";"";"0";"";"20230106";"";"";"TRUE"
"PAYMENT";"802";"0";"978";"";"0";"";"20230106";"";"";"TRUE"
"PAYMENT";"1932";"0";"978";"";"0";"";"20230106";"";"";"TRUE"
"PAYMENT";"2124";"0";"978";"";"0";"";"20230106";"";"";"TRUE"
"PAYMENT";"5728";"0";"978";"";"0";"";"20230106";"";"";"TRUE"
"PAYMENT";"1236";"0";"978";"";"0";"";"20230106";"";"";"TRUE"
"PAYMENT";"5376";"0";"978";"";"0";"";"20230106";"";"";"TRUE"
"PAYMENT";"19346";"0";"978";"";"0";"";"20230106";"";"";"TRUE"
"PAYMENT";"186288";"0";"978";"";"0";"";"20230106";"";"";"TRUE"
"PAYMENT";"48";"0";"978";"";"0";"";"20230106";"";"";"TRUE"
"PAYMENT";"495";"0";"978";"";"0";"";"20230106";"";"";"TRUE"
"PAYMENT";"625";"0";"978";"";"0";"";"20230106";"";"";"TRUE"
"PAYMENT";"332";"0";"978";"";"0";"";"20230106";"";"";"TRUE"
"PAYMENT";"216";"0";"978";"";"0";"";"20230106";"";"";"TRUE"
"PAYMENT";"204";"0";"978";"";"0";"";"20230106";"";"";"TRUE"
"PAYMENT";"228";"0";"978";"";"0";"";"20230106";"";"";"TRUE"
"PAYMENT";"22317";"0";"978";"";"0";"";"20230106";"";"";"TRUE"
"PAYMENT";"10131";"0";"978";"";"0";"";"20230106";"";"";"TRUE"
"PAYMENT";"311032";"0";"978";"";"0";"";"20230106";"";"";"TRUE"
"PAYMENT";"824";"0";"978";"";"0";"";"20230106";"";"";"TRUE"
"PAYMENT";"42";"0";"978";"";"0";"";"20230106";"";"";"TRUE"
"PAYMENT";"415";"0";"978";"";"0";"";"20230106";"";"";"TRUE"
"PAYMENT";"1236";"0";"978";"";"0";"";"20230106";"";"";"TRUE"
"PAYMENT";"639";"0";"978";"";"0";"";"20230106";"";"";"TRUE"
"PAYMENT";"1064";"0";"978";"";"0";"";"20230106";"";"";"TRUE"
"PAYMENT";"4135";"0";"978";"";"0";"";"20230106";"";"";"TRUE"
"PAYMENT";"116992";"0";"978";"";"0";"";"20230106";"";"";"TRUE"
"PAYMENT";"26724";"0";"978";"";"0";"";"20230106";"";"";"TRUE"
"PAYMENT";"2653";"0";"978";"";"0";"";"20230106";"";"";"TRUE"
"PAYMENT";"27054";"0";"978";"";"0";"";"20230106";"";"";"TRUE"
"PAYMENT";"2611";"0";"978";"";"0";"";"20230106";"";"";"TRUE"
"PAYMENT";"2415";"0";"978";"";"0";"";"20230106";"";"";"TRUE"
"PAYMENT";"83";"0";"978";"";"0";"";"20230106";"";"";"TRUE"
"PAYMENT";"13579";"0";"978";"";"0";"";"20230106";"";"";"TRUE"
"PAYMENT";"25056";"0";"978";"";"0";"";"20230106";"";"";"TRUE"
"PAYMENT";"4528";"0";"978";"";"0";"";"20230106";"";"";"TRUE"
"PAYMENT";"4048";"0";"978";"";"0";"";"20230106";"";"";"TRUE"
"PAYMENT";"5514";"0";"978";"";"0";"";"20230106";"";"";"TRUE"
"PAYMENT";"42";"0";"978";"";"0";"";"20230106";"";"";"TRUE"
"PAYMENT";"3552";"0";"978";"";"0";"";"20230106";"";"";"TRUE"
"PAYMENT";"521";"0";"978";"";"0";"";"20230106";"";"";"TRUE"
"PAYMENT";"9888";"0";"978";"";"0";"";"20230106";"";"";"TRUE"
"PAYMENT";"135496";"0";"978";"";"0";"";"20230106";"";"";"TRUE"
"PAYMENT";"12016";"0";"978";"";"0";"";"20230106";"";"";"TRUE"
"PAYMENT";"212144";"0";"978";"";"0";"";"20230106";"";"";"TRUE"
"PAYMENT";"52736";"0";"978";"";"0";"";"20230106";"";"";"TRUE"
"PAYMENT";"79104";"0";"978";"";"0";"";"20230106";"";"";"TRUE"
"PAYMENT";"1687";"0";"978";"";"0";"";"20230106";"";"";"TRUE"
"PAYMENT";"28578";"0";"978";"";"0";"";"20230106";"";"";"TRUE"
"PAYMENT";"191072";"0";"978";"";"0";"";"20230106";"";"";"TRUE"
"PAYMENT";"356168";"0";"978";"";"0";"";"20230106";"";"";"TRUE"
"PAYMENT";"10532";"0";"978";"";"0";"";"20230106";"";"";"TRUE"
"PAYMENT";"300456";"0";"978";"";"0";"";"20230106";"";"";"TRUE"
"PAYMENT";"123312";"0";"978";"";"0";"";"20230106";"";"";"TRUE"
"PAYMENT";"123312";"0";"978";"";"0";"";"20230106";"";"";"TRUE"
"PAYMENT";"113424";"0";"978";"";"0";"";"20230106";"";"";"TRUE"
"PAYMENT";"123312";"0";"978";"";"0";"";"20230106";"";"";"TRUE"
"PAYMENT";"379744";"0";"978";"";"0";"";"20230106";"";"";"TRUE"
"PAYMENT";"3128";"0";"978";"";"0";"";"20230106";"";"";"TRUE"
"PAYMENT";"139464";"0";"978";"";"0";"";"20230106";"";"";"TRUE"
"PAYMENT";"200088";"0";"978";"";"0";"";"20230106";"";"";"TRUE"
"PAYMENT";"10848";"0";"978";"";"0";"";"20230106";"";"";"TRUE"
"PAYMENT";"441664";"0";"978";"";"0";"";"20230106";"";"";"TRUE"
"PAYMENT";"1442";"0";"978";"";"0";"";"20230106";"";"";"TRUE"
"PAYMENT";"210944";"0";"978";"";"0";"";"20230106";"";"";"TRUE"
"PAYMENT";"266976";"0";"978";"";"0";"";"20230106";"";"";"TRUE"
"PAYMENT";"16415";"0";"978";"";"0";"";"20230106";"";"";"TRUE"
"PAYMENT";"1764";"0";"978";"";"0";"";"20230106";"";"";"TRUE"
"PAYMENT";"445352";"0";"978";"";"0";"";"20230106";"";"";"TRUE"
"PAYMENT";"274204";"0";"978";"";"0";"";"20230106";"";"";"TRUE"
"PAYMENT";"23805";"0";"978";"";"0";"";"20230106";"";"";"TRUE"
"PAYMENT";"2415";"0";"978";"";"0";"";"20230106";"";"";"TRUE"
"PAYMENT";"3824";"0";"978";"";"0";"";"20230106";"";"";"TRUE"
"PAYMENT";"201624";"0";"978";"";"0";"";"20230106";"";"";"TRUE"
"PAYMENT";"2008";"0";"978";"";"0";"";"20230106";"";"";"TRUE"
"PAYMENT";"7652";"0";"978";"";"0";"";"20230106";"";"";"TRUE"
"PAYMENT";"21";"0";"978";"";"0";"";"20230106";"";"";"TRUE"
"PAYMENT";"32592";"0";"978";"";"0";"";"20230106";"";"";"TRUE"
"PAYMENT";"176576";"0";"978";"";"0";"";"20230106";"";"";"TRUE"
"PAYMENT";"181504";"0";"978";"";"0";"";"20230106";"";"";"TRUE"
"PAYMENT";"600";"0";"978";"";"0";"";"20230106";"";"";"TRUE"
"PAYMENT";"59088";"0";"978";"";"0";"";"20230106";"";"";"TRUE"
"PAYMENT";"706";"0";"978";"";"0";"";"20230106";"";"";"TRUE"
"PAYMENT";"86784";"0";"978";"";"0";"";"20230106";"";"";"TRUE"
"PAYMENT";"180352";"0";"978";"";"0";"";"20230106";"";"";"TRUE"
"PAYMENT";"125744";"0";"978";"";"0";"";"20230106";"";"";"TRUE"
"PAYMENT";"260384";"0";"978";"";"0";"";"20230106";"";"";"TRUE"
"PAYMENT";"277704";"0";"978";"";"0";"";"20230106";"";"";"TRUE"
"PAYMENT";"1248";"0";"978";"";"0";"";"20230106";"";"";"TRUE"
"PAYMENT";"21";"0";"978";"";"0";"";"20230106";"";"";"TRUE"
"PAYMENT";"2400";"0";"978";"";"0";"";"20230106";"";"";"TRUE"
"PAYMENT";"41845";"0";"978";"";"0";"";"20230106";"";"";"TRUE"
"PAYMENT";"9725";"0";"978";"";"0";"";"20230106";"";"";"TRUE"
"PAYMENT";"264";"0";"978";"";"0";"";"20230106";"";"";"TRUE"
"PAYMENT";"17648";"0";"978";"";"0";"";"20230106";"";"";"TRUE"
"PAYMENT";"69";"0";"978";"";"0";"";"20230106";"";"";"TRUE"
"PAYMENT";"190";"0";"978";"";"0";"";"20230106";"";"";"TRUE"
"PAYMENT";"19901";"0";"978";"";"0";"";"20230106";"";"";"TRUE"
"PAYMENT";"26652";"0";"978";"";"0";"";"20230106";"";"";"TRUE"
"PAYMENT";"453";"0";"978";"";"0";"";"20230106";"";"";"TRUE"
"PAYMENT";"501";"0";"978";"";"0";"";"20230106";"";"";"TRUE"
"PAYMENT";"38107";"0";"978";"";"0";"";"20230106";"";"";"TRUE"
"PAYMENT";"5566";"0";"978";"";"0";"";"20230106";"";"";"TRUE"
"PAYMENT";"16048";"0";"978";"";"0";"";"20230106";"";"";"TRUE"
"PAYMENT";"27946";"0";"978";"";"0";"";"20230106";"";"";"TRUE"
"PAYMENT";"13184";"0";"978";"";"0";"";"20230106";"";"";"TRUE"
"PAYMENT";"13184";"0";"978";"";"0";"";"20230106";"";"";"TRUE"
"PAYMENT";"2304";"0";"978";"";"0";"";"20230106";"";"";"TRUE"
"PAYMENT";"1344";"0";"978";"";"0";"";"20230106";"";"";"TRUE"
"PAYMENT";"52577";"0";"978";"";"0";"";"20230106";"";"";"TRUE"
"PAYMENT";"15267";"0";"978";"";"0";"";"20230106";"";"";"TRUE"
"PAYMENT";"459432";"0";"978";"";"0";"";"20230106";"";"";"TRUE"
"PAYMENT";"42";"0";"978";"";"0";"";"20230106";"";"";"TRUE"
"PAYMENT";"42";"0";"978";"";"0";"";"20230106";"";"";"TRUE"
"PAYMENT";"1255986";"0";"978";"";"0";"";"20230106";"";"";"TRUE"
"PAYMENT";"2952";"0";"978";"";"0";"";"20230106";"";"";"TRUE"
"PAYMENT";"138";"0";"978";"";"0";"";"20230106";"";"";"TRUE"
"PAYMENT";"1955";"0";"978";"";"0";"";"20230106";"";"";"TRUE"
"PAYMENT";"3140";"0";"978";"";"0";"";"20230106";"";"";"TRUE"
"PAYMENT";"43576";"0";"978";"";"0";"";"20230106";"";"";"TRUE"
"PAYMENT";"1045";"0";"978";"";"0";"";"20230106";"";"";"TRUE"
"PAYMENT";"1330";"0";"978";"";"0";"";"20230106";"";"";"TRUE"
"PAYMENT";"5517";"0";"978";"";"0";"";"20230106";"";"";"TRUE"
"PAYMENT";"2637";"0";"978";"";"0";"";"20230106";"";"";"TRUE"
"PAYMENT";"24";"0";"978";"";"0";"";"20230106";"";"";"TRUE"
"PAYMENT";"72";"0";"978";"";"0";"";"20230106";"";"";"TRUE"
"PAYMENT";"7492";"0";"978";"";"0";"";"20230106";"";"";"TRUE"
"PAYMENT";"782";"0";"978";"";"0";"";"20230106";"";"";"TRUE"
"PAYMENT";"190";"0";"978";"";"0";"";"20230106";"";"";"TRUE"
"PAYMENT";"30984";"0";"978";"";"0";"";"20230106";"";"";"TRUE"
"PAYMENT";"56701";"0";"978";"";"0";"";"20230106";"";"";"TRUE"
"PAYMENT";"324838";"0";"978";"";"0";"";"20230106";"";"";"TRUE"
"PAYMENT";"273856";"0";"978";"";"0";"";"20230106";"";"";"TRUE"
"PAYMENT";"916784";"0";"978";"";"0";"";"20230106";"";"";"TRUE"
"PAYMENT";"200";"0";"978";"";"0";"";"20230106";"";"";"TRUE"
"PAYMENT";"531";"0";"978";"";"0";"";"20230106";"";"";"TRUE"
"PAYMENT";"96";"0";"978";"";"0";"";"20230106";"";"";"TRUE"
"PAYMENT";"5706";"0";"978";"";"0";"";"20230106";"";"";"TRUE"
"PAYMENT";"6516";"0";"978";"";"0";"";"20230106";"";"";"TRUE"
"PAYMENT";"1536";"0";"978";"";"0";"";"20230106";"";"";"TRUE"
"PAYMENT";"517";"0";"978";"";"0";"";"20230106";"";"";"TRUE"
"PAYMENT";"84";"0";"978";"";"0";"";"20230106";"";"";"TRUE"
"PAYMENT";"15083";"0";"978";"";"0";"";"20230106";"";"";"TRUE"
"PAYMENT";"824";"0";"978";"";"0";"";"20230106";"";"";"TRUE"
"PAYMENT";"32544";"0";"978";"";"0";"";"20230106";"";"";"TRUE"
"PAYMENT";"1838";"0";"978";"";"0";"";"20230106";"";"";"TRUE"
"PAYMENT";"288";"0";"978";"";"0";"";"20230106";"";"";"TRUE"
"PAYMENT";"1236";"0";"978";"";"0";"";"20230106";"";"";"TRUE"
"PAYMENT";"48719";"0";"978";"";"0";"";"20230106";"";"";"TRUE"
"PAYMENT";"1248";"0";"978";"";"0";"";"20230106";"";"";"TRUE"
"PAYMENT";"1955";"0";"978";"";"0";"";"20230106";"";"";"TRUE"
"PAYMENT";"500";"0";"978";"";"0";"";"20230106";"";"";"TRUE"
"PAYMENT";"24";"0";"978";"";"0";"";"20230106";"";"";"TRUE"
"PAYMENT";"2884";"0";"978";"";"0";"";"20230106";"";"";"TRUE"
"PAYMENT";"345";"0";"978";"";"0";"";"20230106";"";"";"TRUE"
"PAYMENT";"7012";"0";"978";"";"0";"";"20230106";"";"";"TRUE"
"PAYMENT";"618";"0";"978";"";"0";"";"20230106";"";"";"TRUE"
"PAYMENT";"322224";"0";"978";"";"0";"";"20230106";"";"";"TRUE"
"PAYMENT";"850004";"0";"978";"";"0";"";"20230106";"";"";"TRUE"
"PAYMENT";"1228";"0";"978";"";"0";"";"20230106";"";"";"TRUE"
"PAYMENT";"170256";"0";"978";"";"0";"";"20230106";"";"";"TRUE"
"PAYMENT";"34";"0";"978";"";"0";"";"20230106";"";"";"TRUE"
"PAYMENT";"8596";"0";"978";"";"0";"";"20230106";"";"";"TRUE"
"PAYMENT";"4400";"0";"978";"";"0";"";"20230106";"";"";"TRUE"
"PAYMENT";"9639";"0";"978";"";"0";"";"20230106";"";"";"TRUE"
"PAYMENT";"2456";"0";"978";"";"0";"";"20230106";"";"";"TRUE"
"PAYMENT";"4528";"0";"978";"";"0";"";"20230106";"";"";"TRUE"
"PAYMENT";"238";"0";"978";"";"0";"";"20230106";"";"";"TRUE"
"PAYMENT";"42";"0";"978";"";"0";"";"20230106";"";"";"TRUE"
"PAYMENT";"630";"0";"978";"";"0";"";"20230106";"";"";"TRUE"
"PAYMENT";"2149";"0";"978";"";"0";"";"20230106";"";"";"TRUE"
"PAYMENT";"12589";"0";"978";"";"0";"";"20230106";"";"";"TRUE"
"PAYMENT";"253338";"0";"978";"";"0";"";"20230106";"";"";"TRUE"
"PAYMENT";"144";"0";"978";"";"0";"";"20230106";"";"";"TRUE"
"PAYMENT";"60";"0";"978";"";"0";"";"20230106";"";"";"TRUE"
"PAYMENT";"87";"0";"978";"";"0";"";"20230106";"";"";"TRUE"
"PAYMENT";"1643";"0";"978";"";"0";"";"20230106";"";"";"TRUE"
"PAYMENT";"480";"0";"978";"";"0";"";"20230106";"";"";"TRUE"
"PAYMENT";"614";"0";"978";"";"0";"";"20230106";"";"";"TRUE"
"PAYMENT";"2226";"0";"978";"";"0";"";"20230106";"";"";"TRUE"
"PAYMENT";"222652";"0";"978";"";"0";"";"20230106";"";"";"TRUE"
"PAYMENT";"3604";"0";"978";"";"0";"";"20230106";"";"";"TRUE"
"PAYMENT";"500";"0";"978";"";"0";"";"20230106";"";"";"TRUE"
"PAYMENT";"500";"0";"978";"";"0";"";"20230106";"";"";"TRUE"
"PAYMENT";"500";"0";"978";"";"0";"";"20230106";"";"";"TRUE"
"PAYMENT";"2226";"0";"978";"";"0";"";"20230106";"";"";"TRUE"
"PAYMENT";"90478";"0";"978";"";"0";"";"20230106";"";"";"TRUE"
"PAYMENT";"90478";"0";"978";"";"0";"";"20230106";"";"";"TRUE"
"PAYMENT";"29712";"0";"978";"";"0";"";"20230106";"";"";"TRUE"
"PAYMENT";"1974";"0";"978";"";"0";"";"20230106";"";"";"TRUE"
"PAYMENT";"2";"0";"978";"";"0";"";"20230106";"";"";"TRUE"
"PAYMENT";"2226";"0";"978";"";"0";"";"20230106";"";"";"TRUE"
"PAYMENT";"195268";"0";"978";"";"0";"";"20230106";"";"";"TRUE"
"PAYMENT";"1386";"0";"978";"";"0";"";"20230106";"";"";"TRUE"
